account_id,customer_id,account_type,current_balance,credit_limit,acct_age_months,days_inactive,utilization_pct,customer_segment,region_code,fico_score,vantage_score,bureau_inqs_6mo,bureau_trades_open,bureau_derogs,bureau_util_pct,bureau_oldest_trade_mo,pmt_ontime_12mo,pmt_late_30_12mo,pmt_late_60_12mo,pmt_late_90_12mo,max_days_past_due_ever,months_since_last_dpd,avg_pmt_ratio_12mo,collateral_value,last_appraisal_date,ltv,pd,lgd,ead,expected_loss,new_risk_rating,score_date,model_id,score_timestamp
A00000001,C0000001,CC,880.19,1500,146,89,58.679333333,SMB,MW,518,500,2,13,0,46.32,168,7,5,3,1,91,13,0.6016,,,,0.0690408526,0.75,1190.095,61.623880101,4,2024-01-31,CRM-2023-Q4-v2,2026-09-18 19:12:04
A00000004,C0000003,MTG,360901.23,0,88,2,,RET,W,741,733,0,16,0,65.32,6,12,0,0,0,0,,0.9636,592503.16,2023-12-26,0.6091127514,0.0219733836,0.0872902011,360901.23,692.23060088,3,2024-01-31,CRM-2023-Q4-v2,2026-09-18 19:12:04
A00000005,C0000003,HELC,55331.94,250000,155,74,22.132776,RET,W,741,733,0,16,0,65.32,6,10,2,0,0,91,34,0.7072,87289.34,2021-11-03,0.6338911487,0.0195453689,0.1071129189,152665.97,319.61559937,3,2024-01-31,CRM-2023-Q4-v2,2026-09-18 19:12:04
A00000008,C0000005,CC,807.31,1500,152,232,53.820666667,SMB,NE,609,614,1,14,0,47.81,325,9,3,0,0,128,13,0.9542,,,,0.0426704927,0.75,1153.655,36.920270479,4,2024-01-31,CRM-2023-Q4-v2,2026-09-18 19:12:04
A00000010,C0000005,MTG,518416.04,0,79,308,,SMB,NE,609,614,1,14,0,47.81,325,7,5,0,0,185,24,0.2362,777378.69,2023-10-23,0.6668770918,0.039478771,0.1335016734,518416.04,2732.3024028,4,2024-01-31,CRM-2023-Q4-v2,2026-09-18 19:12:04
A00000011,C0000006,CC,2422.58,3000,139,252,80.752666667,PREM,NW,684,678,0,6,0,66.07,164,12,0,0,0,0,,0.8844,,,,0.0311688846,0.75,2711.29,63.380913873,4,2024-01-31,CRM-2023-Q4-v2,2026-09-18 19:12:04
A00000012,C0000007,AUTO,7930.09,0,99,13,,RET,SE,560,552,0,22,0,21.23,64,11,1,0,0,185,7,0.7521,19994.88,2020-04-06,0.3966060311,0.0443114486,0,7930.09,0,4,2024-01-31,CRM-2023-Q4-v2,2026-09-18 19:12:04
A00000014,C0000009,CC,1709.08,5000,62,60,34.1816,PREM,MW,555,574,5,1,0,64.28,228,12,0,0,0,0,,0.3932,,,,0.0476079501,0.75,3354.54,119.7770798,4,2024-01-31,CRM-2023-Q4-v2,2026-09-18 19:12:04
A00000019,C0000012,AUTO,20812.27,0,36,318,,RET,W,556,539,1,13,0,7.27,234,11,1,0,0,128,33,0.924,27569.41,2021-12-08,0.7549044394,0.0481191794,0.2039235515,20812.27,204.2231875,4,2024-01-31,CRM-2023-Q4-v2,2026-09-18 19:12:04
A00000021,C0000013,PERS,2068.19,0,104,6,,PREM,SE,702,707,1,24,1,88.91,356,11,1,1,1,31,6,0.7768,,,,0.0372575974,0.5,2068.19,38.527895192,4,2024-01-31,CRM-2023-Q4-v2,2026-09-18 19:12:04
A00000023,C0000014,MTG,127409.93,0,183,13,,CORP,NE,646,638,1,18,1,87.93,283,12,0,0,0,0,,0.7746,128497.79,2023-01-03,0.9915340178,0.0349945977,0.3932272143,127409.93,1753.266156,4,2024-01-31,CRM-2023-Q4-v2,2026-09-18 19:12:04
A00000024,C0000015,CC,2651.4,7500,98,2,35.352,RET,MW,630,653,0,20,0,14.45,266,12,0,0,0,0,,0.6123,,,,0.0399041421,0.75,5075.7,151.90609068,4,2024-01-31,CRM-2023-Q4-v2,2026-09-18 19:12:04
A00000026,C0000015,MTG,787669.93,0,126,12,,RET,MW,630,653,0,20,0,14.45,266,12,0,0,0,0,,0.5569,878657.25,2023-01-19,0.8964473121,0.0419240262,0.3171578497,787669.93,10473.279996,4,2024-01-31,CRM-2023-Q4-v2,2026-09-18 19:12:04
A00000028,C0000016,AUTO,54313.79,0,44,4,,RET,W,718,729,0,18,0,63.52,26,12,0,0,0,0,,0.3649,121118.94,2023-04-02,0.4484334985,0.0253448787,0,54313.79,0,3,2024-01-31,CRM-2023-Q4-v2,2026-09-18 19:12:04
A00000033,C0000018,AUTO,40503.4,0,105,117,,RET,MW,743,766,0,13,0,50.94,15,12,0,0,0,0,,0.4774,43745.92,2022-01-31,0.9258783448,0.0237382052,0.3407026758,40503.4,327.57813396,3,2024-01-31,CRM-2023-Q4-v2,2026-09-18 19:12:04
A00000035,C0000019,AUTO,33340.88,0,96,9,,PB,NW,568,584,0,6,0,43.46,318,12,0,0,0,0,,0.5849,27768.09,2021-02-23,1.2006904328,0.0543383296,0.5605523462,33340.88,1015.5458049,4,2024-01-31,CRM-2023-Q4-v2,2026-09-18 19:12:04
A00000036,C0000019,MTG,309131.92,0,33,0,,PB,NW,568,584,0,6,0,43.46,318,10,2,0,0,45,9,0.8806,790389.44,2022-07-27,0.3911134238,0.0452688338,0,309131.92,0,4,2024-01-31,CRM-2023-Q4-v2,2026-09-18 19:12:04
A00000041,C0000024,AUTO,47334.35,0,109,3,,RET,W,714,705,1,7,0,77.54,386,12,0,0,0,0,,0.2749,68498.41,2020-04-01,0.6910284487,0.0263949506,0.152822759,47334.35,190.93489541,3,2024-01-31,CRM-2023-Q4-v2,2026-09-18 19:12:04
A00000042,C0000024,CC,5639.76,10000,159,112,56.3976,RET,W,714,705,1,7,0,77.54,386,11,1,1,0,45,35,0.1083,,,,0.0285603432,0.75,7819.88,167.50384232,3,2024-01-31,CRM-2023-Q4-v2,2026-09-18 19:12:04
A00000045,C0000025,LOC,58527.67,100000,156,1,58.52767,RET,MW,715,694,0,12,0,2.29,38,12,0,0,0,0,,0.1569,,,,0.0285603432,0.5,79263.835,1131.9011646,3,2024-01-31,CRM-2023-Q4-v2,2026-09-18 19:12:04
A00000047,C0000026,MTG,132118.72,0,61,9,,RET,NW,780,790,3,19,0,71.32,7,9,3,1,1,128,12,0.9354,196591.45,2023-02-01,0.6720471312,0.0257643365,0.137637705,132118.72,468.51202524,3,2024-01-31,CRM-2023-Q4-v2,2026-09-18 19:12:04
A00000049,C0000027,MTG,542753.55,0,56,13,,PREM,SE,729,704,0,2,2,24.45,397,12,0,0,0,0,,0.3962,1503492.22,2023-05-30,0.3609952501,0.0210954038,0,542753.55,0,3,2024-01-31,CRM-2023-Q4-v2,2026-09-18 19:12:04
A00000050,C0000027,CC,5052.66,10000,202,12,50.5266,PREM,SE,729,704,0,2,2,24.45,397,12,0,0,0,0,,0.436,,,,0.0237849006,0.75,7526.33,134.25975821,3,2024-01-31,CRM-2023-Q4-v2,2026-09-18 19:12:04
A00000052,C0000028,AUTO,32871.53,0,52,9,,PREM,NW,743,741,2,5,1,97.07,284,12,0,0,0,0,,0.2906,54726.41,2020-07-30,0.6006520435,0.0224594788,0.0805216348,32871.53,59.447305785,3,2024-01-31,CRM-2023-Q4-v2,2026-09-18 19:12:04
A00000053,C0000028,MTG,492287.19,0,150,13,,PREM,NW,743,741,2,5,1,97.07,284,12,0,0,0,0,,0.7704,512718.48,2021-09-11,0.960151056,0.0233607518,0.3681208448,492287.19,4233.4629146,3,2024-01-31,CRM-2023-Q4-v2,2026-09-18 19:12:04
A00000054,C0000028,CC,3865.5,7500,69,8,51.54,PREM,NW,743,741,2,5,1,97.07,284,11,1,0,0,185,33,0.8534,,,,0.0241690376,0.75,5682.75,103.00994894,3,2024-01-31,CRM-2023-Q4-v2,2026-09-18 19:12:04
A00000055,C0000029,CC,5691.97,10000,84,793,56.9197,PB,NW,539,548,8,19,0,23.06,57,12,0,0,0,0,,0.2983,,,,0.0516786346,0.75,7845.985,304.10234363,4,2024-01-31,CRM-2023-Q4-v2,2026-09-18 19:12:04
A00000056,C0000030,HELC,30522.95,75000,45,207,40.697266667,RET,NE,823,807,3,15,0,50.91,323,11,1,1,1,31,33,0.6713,34121.31,2022-01-04,0.8945421498,0.0278840567,0.3156337198,52761.475,464.36157843,3,2024-01-31,CRM-2023-Q4-v2,2026-09-18 19:12:04
A00000057,C0000030,CC,6377.04,15000,79,7,42.5136,RET,NE,823,807,3,15,0,50.91,323,12,0,0,0,0,,0.3274,,,,0.0189643295,0.75,10688.52,152.02546141,3,2024-01-31,CRM-2023-Q4-v2,2026-09-18 19:12:04
A00000058,C0000031,CC,4454.81,10000,173,9,44.5481,COMM,W,599,613,2,3,0,61.86,285,12,0,0,0,0,,0.3972,,,,0.0468691733,0.75,7227.405,254.05687295,4,2024-01-31,CRM-2023-Q4-v2,2026-09-18 19:12:04
A00000059,C0000031,HELC,40979.73,100000,33,43,40.97973,COMM,W,599,613,2,3,0,61.86,285,12,0,0,0,0,,0.7852,78912.5,2023-01-25,0.5193059401,0.0444039437,0.0154447521,70489.865,48.342506518,4,2024-01-31,CRM-2023-Q4-v2,2026-09-18 19:12:04
A00000061,C0000033,CC,1926.06,7500,77,2,25.6808,PREM,SW,568,567,1,17,0,29.65,348,12,0,0,0,0,,0.0695,,,,0.0439844086,0.75,4713.03,155.47487807,4,2024-01-31,CRM-2023-Q4-v2,2026-09-18 19:12:04
A00000063,C0000034,MTG,502286.75,0,47,10,,RET,SE,541,556,1,11,0,96.67,395,12,0,0,0,0,,0.0785,684051.43,2021-11-03,0.7342821431,0.0481191794,0.1874257145,502286.75,4530.0094684,4,2024-01-31,CRM-2023-Q4-v2,2026-09-18 19:12:04
A00000066,C0000036,MTG,798090.77,0,163,802,,RET,SE,745,743,1,15,0,9.27,326,12,0,0,0,0,,0.2633,1287968.34,2023-08-28,0.6196509225,0.0216233705,0.095720738,798090.77,1651.8922522,3,2024-01-31,CRM-2023-Q4-v2,2026-09-18 19:12:04
A00000067,C0000036,AUTO,40771.05,0,168,8,,RET,SE,745,743,1,15,0,9.27,326,12,0,0,0,0,,0.9892,40970.68,2022-12-14,0.9951274912,0.0233607518,0.3961019929,40771.05,377.2643243,3,2024-01-31,CRM-2023-Q4-v2,2026-09-18 19:12:04
A00000070,C0000038,CC,6153.71,10000,42,12,61.5371,SMB,NW,565,558,3,6,0,67.36,250,12,0,0,0,0,,0.29,,,,0.052786402,0.75,8076.855,319.7610863,4,2024-01-31,CRM-2023-Q4-v2,2026-09-18 19:12:04
A00000071,C0000039,AUTO,30010.29,0,136,168,,RET,SW,610,620,0,15,0,11.89,331,12,0,0,0,0,,0.5342,78111.61,2022-07-30,0.3841975604,0.0365380082,0,30010.29,0,4,2024-01-31,CRM-2023-Q4-v2,2026-09-18 19:12:04
A00000072,C0000040,MTG,392924.86,0,190,80,,PB,W,739,762,2,15,0,46.46,15,9,3,0,0,128,27,0.7818,452806.57,2021-03-25,0.8677543261,0.0233607518,0.2942034609,392924.86,2700.4994866,3,2024-01-31,CRM-2023-Q4-v2,2026-09-18 19:12:04
A00000076,C0000042,AUTO,44212.93,0,52,8,,RET,NW,511,521,1,6,0,23.78,303,12,0,0,0,0,,0.1092,129587.55,2020-03-12,0.3411819268,0.0452688338,0,44212.93,0,4,2024-01-31,CRM-2023-Q4-v2,2026-09-18 19:12:04
A00000078,C0000043,MTG,331139.4,0,40,4,,RET,NW,642,622,1,9,2,23.54,191,12,0,0,0,0,,0.4821,499863.14,2020-03-12,0.6624601286,0.0336599528,0.1299681029,331139.4,1448.642227,4,2024-01-31,CRM-2023-Q4-v2,2026-09-18 19:12:04
A00000079,C0000043,CC,1805.68,7500,67,10,24.075733333,RET,NW,642,622,1,9,2,23.54,191,11,1,1,0,91,29,0.8017,,,,0.030727523,0.75,4652.84,107.22768596,4,2024-01-31,CRM-2023-Q4-v2,2026-09-18 19:12:04
A00000084,C0000045,AUTO,28981.25,0,64,5,,SMB,W,553,541,0,6,0,9.34,380,11,1,1,0,91,19,0.4279,31541.1,2023-12-03,0.918840814,0.0507829413,0.3350726512,28981.25,493.14421862,4,2024-01-31,CRM-2023-Q4-v2,2026-09-18 19:12:04
A00000085,C0000046,HELC,135572.14,250000,67,12,54.228856,RET,SW,797,783,1,3,4,13.28,84,10,2,1,0,31,3,0.3549,236649.45,2022-12-07,0.5728817033,0.0187961348,0.0583053626,192786.07,211.27723348,3,2024-01-31,CRM-2023-Q4-v2,2026-09-18 19:12:04
A00000088,C0000048,CC,9516.91,15000,168,44,63.446066667,PREM,W,684,705,1,11,0,87.52,228,12,0,0,0,0,,0.1298,,,,0.0285603432,0.75,12258.455,262.57926123,3,2024-01-31,CRM-2023-Q4-v2,2026-09-18 19:12:04
A00000089,C0000049,AUTO,6199.63,0,144,0,,RET,NE,817,829,3,24,1,93.06,318,12,0,0,0,0,,0.7381,8079.43,2022-09-03,0.7673350719,0.018458053,0.2138680575,6199.63,24.473584583,3,2024-01-31,CRM-2023-Q4-v2,2026-09-18 19:12:04
A00000091,C0000050,LOC,20998.61,50000,46,0,41.99722,RET,SE,765,763,1,16,1,14.09,259,12,0,0,0,0,,0.0928,,,,0.0193851778,0.5,35499.305,344.08017008,3,2024-01-31,CRM-2023-Q4-v2,2026-09-18 19:12:04
A00000092,C0000050,AUTO,28524.01,0,49,12,,RET,SE,765,763,1,16,1,14.09,259,10,2,1,1,31,34,0.662,39513.18,2022-10-08,0.7218859631,0.0263320373,0.1775087705,28524.01,133.32600221,3,2024-01-31,CRM-2023-Q4-v2,2026-09-18 19:12:04
A00000095,C0000052,CC,2259.69,10000,70,4,22.5969,PB,MW,649,641,0,6,0,15.87,70,12,0,0,0,0,,0.7958,,,,0.030727523,0.75,6129.845,141.26621475,4,2024-01-31,CRM-2023-Q4-v2,2026-09-18 19:12:04
A00000097,C0000053,LOC,10717.83,50000,201,6,21.43566,PB,NE,810,787,2,16,0,89.98,285,7,5,3,2,91,4,0.5853,,,,0.0324012338,0.5,30358.915,491.83315203,4,2024-01-31,CRM-2023-Q4-v2,2026-09-18 19:12:04
A00000099,C0000053,CC,803.24,5000,97,10,16.0648,PB,NE,810,787,2,16,0,89.98,285,12,0,0,0,0,,0.2306,,,,0.0174808988,0.75,2901.62,38.042194081,3,2024-01-31,CRM-2023-Q4-v2,2026-09-18 19:12:04
A00000100,C0000054,PERS,23084.66,0,161,13,,RET,SE,576,568,0,1,0,60.68,355,12,0,0,0,0,,0.8164,,,,0.0477796796,0.5,23084.66,551.48882969,4,2024-01-31,CRM-2023-Q4-v2,2026-09-18 19:12:04
A00000103,C0000055,HELC,7364.43,50000,129,62,14.72886,PREM,MW,779,764,0,18,2,65.06,265,12,0,0,0,0,,0.3427,8070.25,2023-05-22,0.9125405037,0.0180264898,0.330032403,28682.215,170.63984031,3,2024-01-31,CRM-2023-Q4-v2,2026-09-18 19:12:04
A00000104,C0000056,CC,2832.19,10000,114,3,28.3219,PREM,SW,604,603,0,14,0,49.52,31,12,0,0,0,0,,0.2615,,,,0.03684427,0.75,6416.095,177.29725254,4,2024-01-31,CRM-2023-Q4-v2,2026-09-18 19:12:04
A00000105,C0000057,HELC,28830.72,150000,156,157,19.22048,PREM,NE,637,651,0,17,1,83.31,359,12,0,0,0,0,,0.2699,49668.54,2021-11-14,0.5804624014,0.033075167,0.0643699211,89415.36,190.36940488,4,2024-01-31,CRM-2023-Q4-v2,2026-09-18 19:12:04
A00000108,C0000058,CC,5293.37,15000,96,221,35.289133333,PREM,W,645,636,0,21,0,38.4,52,9,3,2,1,31,11,0.3122,,,,0.0454825148,0.75,10146.685,346.12256292,4,2024-01-31,CRM-2023-Q4-v2,2026-09-18 19:12:04
A00000109,C0000058,AUTO,46732.36,0,199,7,,PREM,W,645,636,0,21,0,38.4,52,12,0,0,0,0,,0.9504,114944.17,2022-01-06,0.4065657266,0.030470497,0,46732.36,0,4,2024-01-31,CRM-2023-Q4-v2,2026-09-18 19:12:04
A00000110,C0000059,CC,5025.19,5000,91,11,100.5038,PB,SE,610,633,1,18,0,94.74,290,12,0,0,0,0,,0.951,,,,0.0514732859,0.75,5012.595,193.51105181,4,2024-01-31,CRM-2023-Q4-v2,2026-09-18 19:12:04
A00000111,C0000059,CC,6877.08,25000,39,4,27.50832,PB,SE,610,633,1,18,0,94.74,290,12,0,0,0,0,,0.5635,,,,0.037646676,0.75,15938.54,450.02478864,4,2024-01-31,CRM-2023-Q4-v2,2026-09-18 19:12:04
A00000112,C0000060,CC,707.96,1500,10,107,47.197333333,PREM,SW,584,564,0,21,0,25.33,88,12,0,0,0,0,,0.2165,,,,0.0499229628,0.75,1103.98,41.335464347,4,2024-01-31,CRM-2023-Q4-v2,2026-09-18 19:12:04
A00000121,C0000066,CC,3037.79,3000,67,49,101.25966667,RET,SE,610,618,0,17,0,73.25,215,11,1,0,0,185,2,0.8988,,,,0.0514732859,0.75,3018.895,116.54433417,4,2024-01-31,CRM-2023-Q4-v2,2026-09-18 19:12:04
A00000122,C0000067,CC,7492.16,10000,44,10,74.9216,RET,SW,839,831,3,5,0,49.83,139,12,0,0,0,0,,0.3122,,,,0.0230391193,0.75,8746.08,151.12648551,3,2024-01-31,CRM-2023-Q4-v2,2026-09-18 19:12:04
A00000123,C0000067,CC,4021.72,7500,22,9,53.622933333,RET,SW,839,831,3,5,0,49.83,139,12,0,0,0,0,,0.5021,,,,0.0216723793,0.75,5760.86,93.638657073,3,2024-01-31,CRM-2023-Q4-v2,2026-09-18 19:12:04
A00000124,C0000067,AUTO,16953.65,0,21,6,,RET,SW,839,831,3,5,0,49.83,139,7,5,2,1,45,15,0.4209,24839.16,2023-01-23,0.6825371711,0.0270473338,0.1460297369,16953.65,66.962086301,3,2024-01-31,CRM-2023-Q4-v2,2026-09-18 19:12:04
A00000126,C0000069,AUTO,4597.41,0,167,38,,RET,W,599,609,5,4,0,24.95,151,12,0,0,0,0,,0.9018,4421.44,2021-12-19,1.0397992509,0.0535009782,0.4318394007,4597.41,106.21778069,4,2024-01-31,CRM-2023-Q4-v2,2026-09-18 19:12:04
A00000129,C0000070,MTG,392936.03,0,90,78,,SMB,MW,839,842,0,18,0,92.52,260,11,1,1,1,185,26,0.5584,552070.62,2021-07-07,0.7117495765,0.0257643365,0.1693996612,392936.03,1714.9574644,3,2024-01-31,CRM-2023-Q4-v2,2026-09-18 19:12:04
A00000130,C0000071,MTG,492263.78,0,124,66,,RET,NW,751,776,3,2,2,51.56,393,12,0,0,0,0,,0.8181,766006.65,2021-10-21,0.6426364314,0.0216233705,0.1141091451,492263.78,1214.6236243,3,2024-01-31,CRM-2023-Q4-v2,2026-09-18 19:12:04
A00000134,C0000072,CC,6329.91,15000,55,94,42.1994,SMB,NE,686,703,2,12,1,83.89,32,12,0,0,0,0,,0.9525,,,,0.027270646,0.75,10664.955,218.13015966,3,2024-01-31,CRM-2023-Q4-v2,2026-09-18 19:12:04
A00000135,C0000072,CC,2680.14,7500,162,343,35.7352,SMB,NE,686,703,2,12,1,83.89,32,7,5,1,0,91,4,0.7227,,,,0.0262602419,0.75,5090.07,100.24985198,3,2024-01-31,CRM-2023-Q4-v2,2026-09-18 19:12:04
A00000139,C0000074,MTG,724499.76,0,117,6,,RET,W,752,753,8,21,0,23.51,122,12,0,0,0,0,,0.9911,723042.44,2021-12-29,1.0020155387,0.0254509198,0.4016124309,724499.76,7405.4060159,3,2024-01-31,CRM-2023-Q4-v2,2026-09-18 19:12:04
A00000145,C0000077,CC,2510.92,7500,116,12,33.478933333,RET,NW,839,850,1,12,0,76.57,120,12,0,0,0,0,,0.4087,,,,0.0189643295,0.75,5005.46,71.193894579,3,2024-01-31,CRM-2023-Q4-v2,2026-09-18 19:12:04
A00000150,C0000079,LOC,11522.37,25000,165,169,46.08948,PREM,SE,584,598,0,17,0,79.86,353,12,0,0,0,0,,0.2205,,,,0.0468691733,0.5,18261.185,427.94332197,4,2024-01-31,CRM-2023-Q4-v2,2026-09-18 19:12:04
A00000151,C0000080,MTG,270172.44,0,140,14,,PREM,NW,728,751,1,14,0,16.45,49,12,0,0,0,0,,0.4753,435737.22,2021-02-09,0.6200352589,0.0216233705,0.0960282071,270172.44,561.0005089,3,2024-01-31,CRM-2023-Q4-v2,2026-09-18 19:12:04
A00000156,C0000081,AUTO,55884.52,0,47,40,,SMB,W,594,573,2,9,0,94.02,160,12,0,0,0,0,,0.1252,63808.18,2022-07-31,0.8758206236,0.0518725591,0.3006564989,55884.52,871.56502742,4,2024-01-31,CRM-2023-Q4-v2,2026-09-18 19:12:04
A00000157,C0000082,CC,37.88,1500,62,6,2.5253333333,RET,MW,613,612,1,15,0,43.41,366,12,0,0,0,0,,0.1717,,,,0.033906791,0.75,768.94,19.554215911,4,2024-01-31,CRM-2023-Q4-v2,2026-09-18 19:12:04
A00000163,C0000084,CC,8098.19,25000,34,1,32.39276,RET,NW,563,566,3,14,0,78.75,218,11,1,1,0,45,8,0.6741,,,,0.0486329345,0.75,16549.095,603.62329017,4,2024-01-31,CRM-2023-Q4-v2,2026-09-18 19:12:04
A00000167,C0000088,LOC,3152.16,25000,114,169,12.60864,RET,MW,719,694,1,15,1,59.97,220,10,2,0,0,31,12,0.846,,,,0.0246111889,0.5,14076.08,173.2145318,3,2024-01-31,CRM-2023-Q4-v2,2026-09-18 19:12:04
A00000169,C0000089,MTG,155424.91,0,25,12,,RET,NE,624,624,1,7,0,35.55,50,12,0,0,0,0,,0.9404,195270.85,2023-01-28,0.7959452729,0.0403361491,0.2367562184,155424.91,1484.2821105,4,2024-01-31,CRM-2023-Q4-v2,2026-09-18 19:12:04
A00000171,C0000090,HELC,8293.03,50000,63,2,16.58606,RET,NE,624,646,3,24,0,79.11,234,12,0,0,0,0,,0.762,6960.38,2020-10-02,1.1914622478,0.0413129374,0.5531697982,29146.515,666.0873256,4,2024-01-31,CRM-2023-Q4-v2,2026-09-18 19:12:04
A00000172,C0000091,HELC,33477.23,150000,54,14,22.318153333,RET,NE,691,681,0,24,0,18.92,145,12,0,0,0,0,,0.127,27945.36,2023-12-16,1.197953077,0.0282465443,0.5583624616,91738.615,1446.8840081,3,2024-01-31,CRM-2023-Q4-v2,2026-09-18 19:12:04
A00000173,C0000091,MTG,387883.94,0,73,163,,RET,NE,691,681,0,24,0,18.92,145,12,0,0,0,0,,0.2473,622336.64,2020-10-17,0.6232702931,0.0263949506,0.0986162345,387883.94,1009.6505076,3,2024-01-31,CRM-2023-Q4-v2,2026-09-18 19:12:04
A00000174,C0000092,MTG,755173.82,0,56,202,,RET,SE,553,540,1,19,0,60.05,296,11,1,0,0,185,33,0.823,1609683.84,2022-07-09,0.4691441892,0.0452688338,0,755173.82,0,4,2024-01-31,CRM-2023-Q4-v2,2026-09-18 19:12:04
A00000177,C0000093,PERS,29702.1,0,171,7,,PB,SW,794,776,1,17,1,28.81,268,12,0,0,0,0,,0.927,,,,0.0190348019,0.5,29702.1,282.68679486,3,2024-01-31,CRM-2023-Q4-v2,2026-09-18 19:12:04
A00000178,C0000093,AUTO,13553.48,0,91,72,,PB,SW,794,776,1,17,1,28.81,268,12,0,0,0,0,,0.8125,21565.61,2022-09-21,0.6284765421,0.018757812,0.1027812336,13553.48,26.130446157,3,2024-01-31,CRM-2023-Q4-v2,2026-09-18 19:12:04
A00000179,C0000094,MTG,212965.58,0,187,4,,PB,W,704,719,3,8,0,31.9,276,12,0,0,0,0,,0.8403,375451,2023-07-22,0.5672260295,0.024404036,0.0537808236,212965.58,279.51075511,3,2024-01-31,CRM-2023-Q4-v2,2026-09-18 19:12:04
A00000181,C0000095,MTG,474119.93,0,187,9,,RET,W,632,623,0,5,0,73.21,181,12,0,0,0,0,,0.1471,753697.23,2022-07-16,0.6290588729,0.0388609949,0.1032470983,474119.93,1902.304263,4,2024-01-31,CRM-2023-Q4-v2,2026-09-18 19:12:04
A00000186,C0000098,MTG,580109.72,0,18,10,,PREM,W,800,813,1,10,0,27.9,214,11,1,0,0,62,35,0.8022,850582.45,2021-08-11,0.682014683,0.0196989574,0.1456117464,580109.72,1663.9864831,3,2024-01-31,CRM-2023-Q4-v2,2026-09-18 19:12:04
A00000187,C0000098,MTG,551888.67,0,28,11,,PREM,W,800,813,1,10,0,27.9,214,12,0,0,0,0,,0.8657,1380227.16,2023-03-30,0.3998535067,0.0180059498,0,551888.67,0,3,2024-01-31,CRM-2023-Q4-v2,2026-09-18 19:12:04
A00000188,C0000098,MTG,766914.3,0,171,14,,PREM,W,800,813,1,10,0,27.9,214,12,0,0,0,0,,0.9915,1017083.74,2020-08-26,0.7540326031,0.018458053,0.2032260824,766914.3,2876.816554,3,2024-01-31,CRM-2023-Q4-v2,2026-09-18 19:12:04
A00000190,C0000099,MTG,469742.87,0,88,809,,RET,NW,560,549,1,24,0,65.89,79,12,0,0,0,0,,0.7761,772354.61,2022-03-01,0.6081958519,0.0471044868,0.0865566815,469742.87,1915.239417,4,2024-01-31,CRM-2023-Q4-v2,2026-09-18 19:12:04
A00000192,C0000100,AUTO,31513.61,0,147,4,,PB,SW,535,528,0,24,1,12.98,232,10,2,0,0,31,23,0.1799,33035.71,2020-01-01,0.9539256156,0.0499974816,0.3631404925,31513.61,572.16457224,4,2024-01-31,CRM-2023-Q4-v2,2026-09-18 19:12:04
A00000194,C0000101,CC,4444.47,25000,42,439,17.77788,RET,W,628,651,5,5,0,30.82,172,11,1,0,0,128,19,0.5405,,,,0.037646676,0.75,14722.235,415.68240844,4,2024-01-31,CRM-2023-Q4-v2,2026-09-18 19:12:04
A00000195,C0000101,CC,3122.54,10000,75,5,31.2254,RET,W,628,651,5,5,0,30.82,172,12,0,0,0,0,,0.3354,,,,0.0399041421,0.75,6561.27,196.366388,4,2024-01-31,CRM-2023-Q4-v2,2026-09-18 19:12:04
A00000197,C0000102,MTG,156819.42,0,196,2,,RET,W,626,606,0,18,1,71.36,76,12,0,0,0,0,,0.4054,162701.13,2021-12-23,0.9638496057,0.0419240262,0.3710796846,156819.42,2439.6639308,4,2024-01-31,CRM-2023-Q4-v2,2026-09-18 19:12:04
A00000199,C0000103,MTG,328892.25,0,185,13,,SMB,MW,624,639,5,13,1,54.92,310,12,0,0,0,0,,0.3668,447529.08,2023-01-02,0.734906992,0.0388609949,0.1879255936,328892.25,2401.8920526,4,2024-01-31,CRM-2023-Q4-v2,2026-09-18 19:12:04
A00000201,C0000103,AUTO,61241.54,0,62,55,,SMB,MW,624,639,5,13,1,54.92,310,12,0,0,0,0,,0.2115,156998.96,2021-06-17,0.3900760871,0.0371202818,0,61241.54,0,4,2024-01-31,CRM-2023-Q4-v2,2026-09-18 19:12:04
A00000202,C0000104,CC,26923.48,25000,13,3,107.69392,RET,SW,579,577,5,24,0,27.89,236,12,0,0,0,0,,0.297,,,,0.0642025574,0.75,25961.74,1250.1075778,4,2024-01-31,CRM-2023-Q4-v2,2026-09-18 19:12:04
A00000204,C0000105,HELC,53817.32,100000,32,9,53.81732,PB,NW,607,600,3,20,1,56.51,399,11,1,0,0,45,1,0.4419,109650.78,2021-02-16,0.4908065405,0.0404167412,0,76908.66,0,4,2024-01-31,CRM-2023-Q4-v2,2026-09-18 19:12:04
A00000205,C0000106,LOC,30055.02,100000,111,62,30.05502,COMM,NW,618,636,3,13,1,8.92,301,11,1,1,0,128,15,0.337,,,,0.0399041421,0.5,65027.51,1297.4335009,4,2024-01-31,CRM-2023-Q4-v2,2026-09-18 19:12:04
A00000206,C0000107,PERS,35007.9,0,112,28,,RET,NW,775,751,0,20,0,49.63,311,12,0,0,0,0,,0.8308,,,,0.0193437428,0.5,35007.9,338.59190681,3,2024-01-31,CRM-2023-Q4-v2,2026-09-18 19:12:04
A00000207,C0000108,CC,7429.09,15000,83,9,49.527266667,PB,NW,595,575,0,17,0,53.24,113,7,5,0,0,62,16,0.343,,,,0.0476079501,0.75,11214.545,400.42612442,4,2024-01-31,CRM-2023-Q4-v2,2026-09-18 19:12:04
A00000210,C0000110,CC,2705.99,10000,183,0,27.0599,RET,MW,661,659,0,14,0,82.97,105,11,1,1,1,185,18,0.6708,,,,0.0413578742,0.75,6352.995,197.05977591,4,2024-01-31,CRM-2023-Q4-v2,2026-09-18 19:12:04
A00000212,C0000111,LOC,10444.85,100000,33,14,10.44485,RET,MW,570,574,0,9,0,10.96,64,12,0,0,0,0,,0.5855,,,,0.0449350601,0.5,55222.425,1240.7114925,4,2024-01-31,CRM-2023-Q4-v2,2026-09-18 19:12:04
A00000213,C0000111,CC,3538.52,15000,158,4,23.590133333,RET,MW,570,574,0,9,0,10.96,64,12,0,0,0,0,,0.7747,,,,0.0432993052,0.75,9269.26,301.01438836,4,2024-01-31,CRM-2023-Q4-v2,2026-09-18 19:12:04
A00000214,C0000112,CC,5511.35,25000,46,10,22.0454,RET,W,544,524,0,2,0,8.86,267,9,3,0,0,62,22,0.2189,,,,0.0449350601,0.75,15255.675,514.13600448,4,2024-01-31,CRM-2023-Q4-v2,2026-09-18 19:12:04
A00000215,C0000113,CC,5456.75,10000,53,115,54.5675,RET,NE,750,731,0,18,0,57.46,41,12,0,0,0,0,,0.0934,,,,0.0247024783,0.75,7728.375,143.18251184,3,2024-01-31,CRM-2023-Q4-v2,2026-09-18 19:12:04
A00000217,C0000114,AUTO,20766.64,0,141,3,,RET,W,518,496,1,7,0,84.94,251,11,1,1,0,62,13,0.8666,45680.79,2021-03-12,0.4546033464,0.0436214836,0,20766.64,0,4,2024-01-31,CRM-2023-Q4-v2,2026-09-18 19:12:04
A00000219,C0000116,MTG,138748.84,0,191,13,,RET,NW,623,620,1,10,0,95.11,406,9,3,0,0,128,1,0.6581,170407.02,2019-12-29,0.8142202123,0.0419240262,0.2513761698,138748.84,1462.2325557,4,2024-01-31,CRM-2023-Q4-v2,2026-09-18 19:12:04
A00000220,C0000116,CC,2290.71,7500,40,14,30.5428,RET,NW,623,620,1,10,0,95.11,406,12,0,0,0,0,,0.2044,,,,0.0407703661,0.75,4895.355,149.68906183,4,2024-01-31,CRM-2023-Q4-v2,2026-09-18 19:12:04
A00000221,C0000116,CC,1286.93,1500,10,89,85.795333333,RET,NW,623,620,1,10,0,95.11,406,12,0,0,0,0,,0.6792,,,,0.0495374411,0.75,1393.465,51.771517805,4,2024-01-31,CRM-2023-Q4-v2,2026-09-18 19:12:04
A00000222,C0000117,PERS,28092.93,0,1,5,,RET,SE,650,630,2,11,0,81.72,369,12,0,0,0,0,,0.4255,,,,0.0356290743,0.5,28092.93,500.46254511,4,2024-01-31,CRM-2023-Q4-v2,2026-09-18 19:12:04
A00000224,C0000118,PERS,32974.08,0,51,83,,RET,NE,570,560,3,4,2,47.36,105,10,2,1,0,185,24,0.5274,,,,0.0495759225,0.5,32974.08,817.36021726,4,2024-01-31,CRM-2023-Q4-v2,2026-09-18 19:12:04
A00000225,C0000118,PERS,27386.39,0,149,90,,RET,NE,570,560,3,4,2,47.36,105,12,0,0,0,0,,0.3296,,,,0.0477796796,0.5,27386.39,654.25647034,4,2024-01-31,CRM-2023-Q4-v2,2026-09-18 19:12:04
A00000230,C0000120,MTG,160984.52,0,73,2,,RET,W,749,733,3,16,2,71.19,124,12,0,0,0,0,,0.1723,209968.34,2021-03-11,0.7667085428,0.0219733836,0.2133668343,160984.52,754.75842264,3,2024-01-31,CRM-2023-Q4-v2,2026-09-18 19:12:04
A00000232,C0000121,CC,963.93,1500,16,4,64.262,RET,MW,798,781,0,11,0,22.7,118,12,0,0,0,0,,0.4776,,,,0.0216723793,0.75,1231.965,20.024709533,3,2024-01-31,CRM-2023-Q4-v2,2026-09-18 19:12:04
A00000238,C0000125,CC,870.83,1500,48,0,58.055333333,RET,SW,645,661,0,24,0,70.75,199,12,0,0,0,0,,0.5786,,,,0.0369792149,0.75,1185.415,32.876787021,4,2024-01-31,CRM-2023-Q4-v2,2026-09-18 19:12:04
A00000239,C0000126,MTG,300050.62,0,39,4,,RET,SW,747,736,5,17,0,71.28,36,10,2,1,1,62,18,0.4857,320115.32,2023-06-27,0.9373204007,0.0332553095,0.3498563205,300050.62,3490.9630077,4,2024-01-31,CRM-2023-Q4-v2,2026-09-18 19:12:04
A00000240,C0000126,PERS,41164.49,0,43,5,,RET,SW,747,736,5,17,0,71.28,36,12,0,0,0,0,,0.9174,,,,0.0231583083,0.5,41164.49,476.6499742,3,2024-01-31,CRM-2023-Q4-v2,2026-09-18 19:12:04
A00000244,C0000128,LOC,37736.53,100000,191,97,37.73653,RET,NW,614,633,0,5,0,86.85,70,12,0,0,0,0,,0.8178,,,,0.0392799819,0.5,68868.265,1352.5721007,4,2024-01-31,CRM-2023-Q4-v2,2026-09-18 19:12:04
A00000246,C0000129,AUTO,54895.67,0,34,188,,RET,SE,807,783,8,16,0,93.42,279,12,0,0,0,0,,0.5076,81027.09,2020-12-21,0.6774977356,0.019174167,0.1419981885,54895.67,149.46427482,3,2024-01-31,CRM-2023-Q4-v2,2026-09-18 19:12:04
A00000247,C0000130,CC,345.99,3000,192,290,11.533,RET,SE,625,618,0,12,0,13.1,120,11,1,0,0,185,33,0.3955,,,,0.0362661629,0.75,1672.995,45.504831851,4,2024-01-31,CRM-2023-Q4-v2,2026-09-18 19:12:04
A00000248,C0000131,CC,453.21,1500,109,14,30.214,SMB,NW,770,776,1,11,0,95.37,404,12,0,0,0,0,,0.6299,,,,0.0189643295,0.75,976.605,13.890494263,3,2024-01-31,CRM-2023-Q4-v2,2026-09-18 19:12:04
A00000250,C0000131,PERS,40812.01,0,195,133,,SMB,NW,770,776,1,11,0,95.37,404,12,0,0,0,0,,0.4515,,,,0.0190348019,0.5,40812.01,388.42426288,3,2024-01-31,CRM-2023-Q4-v2,2026-09-18 19:12:04
A00000251,C0000132,MTG,132337.87,0,97,35,,SMB,NW,685,706,1,13,0,87.27,113,12,0,0,0,0,,0.2891,187138.92,2020-08-08,0.7071638011,0.0263949506,0.1657310409,132337.87,578.90706847,3,2024-01-31,CRM-2023-Q4-v2,2026-09-18 19:12:04
A00000252,C0000132,AUTO,36734.63,0,18,13,,SMB,NW,685,706,1,13,0,87.27,113,10,2,0,0,185,11,0.9735,55120.06,2022-12-31,0.6664475692,0.0277084577,0.1331580553,36734.63,135.5362506,3,2024-01-31,CRM-2023-Q4-v2,2026-09-18 19:12:04
A00000254,C0000133,MTG,727444.58,0,86,11,,RET,SE,746,747,1,16,0,52.29,419,12,0,0,0,0,,0.6072,826138.26,2022-07-23,0.8805361224,0.0237382052,0.3044288979,727444.58,5256.9478294,3,2024-01-31,CRM-2023-Q4-v2,2026-09-18 19:12:04
A00000256,C0000135,CC,742.13,3000,192,8,24.737666667,RET,W,608,596,0,17,1,47.77,166,12,0,0,0,0,,0.4027,,,,0.0362661629,0.75,1871.065,50.892261009,4,2024-01-31,CRM-2023-Q4-v2,2026-09-18 19:12:04
A00000257,C0000135,AUTO,16819.37,0,181,5,,RET,W,608,596,0,17,1,47.77,166,12,0,0,0,0,,0.2443,44741.95,2020-07-01,0.3759194671,0.0365380082,0,16819.37,0,4,2024-01-31,CRM-2023-Q4-v2,2026-09-18 19:12:04
A00000259,C0000136,CC,1005.41,3000,189,8,33.513666667,PREM,SE,743,728,0,21,0,55.23,384,12,0,0,0,0,,0.3665,,,,0.021860734,0.75,2002.705,32.835450938,3,2024-01-31,CRM-2023-Q4-v2,2026-09-18 19:12:04
A00000260,C0000136,MTG,784004.07,0,143,12,,PREM,SE,743,728,0,21,0,55.23,384,12,0,0,0,0,,0.2172,752934.23,2022-08-22,1.041265012,0.0250469317,0.4330120096,784004.07,8503.0119836,3,2024-01-31,CRM-2023-Q4-v2,2026-09-18 19:12:04
A00000265,C0000137,MTG,666851.08,0,166,10,,PREM,NW,598,618,0,2,0,70.7,314,12,0,0,0,0,,0.8311,757151.02,2021-05-09,0.8807372141,0.0499974816,0.3045897713,666851.08,10155.289363,4,2024-01-31,CRM-2023-Q4-v2,2026-09-18 19:12:04
A00000266,C0000138,CC,145.45,1500,53,10,9.6966666667,RET,W,623,646,0,9,0,65.43,330,12,0,0,0,0,,0.6882,,,,0.034647525,0.75,822.725,21.379038738,4,2024-01-31,CRM-2023-Q4-v2,2026-09-18 19:12:04
A00000267,C0000139,MTG,587450.62,0,183,11,,PREM,SE,704,724,2,21,1,53.23,125,10,2,1,0,31,24,0.8083,1876179.31,2021-06-06,0.313110062,0.024404036,0,587450.62,0,3,2024-01-31,CRM-2023-Q4-v2,2026-09-18 19:12:04
A00000270,C0000140,CC,2158.81,5000,150,0,43.1762,CORP,MW,821,832,2,6,0,15.25,118,12,0,0,0,0,,0.1334,,,,0.0186613329,0.75,3579.405,50.097351347,3,2024-01-31,CRM-2023-Q4-v2,2026-09-18 19:12:04
A00000272,C0000141,MTG,434898.35,0,80,10,,SMB,W,587,605,2,11,4,7.25,239,11,1,0,0,45,24,0.7488,961288.55,2021-06-01,0.4524118695,0.0443114486,0,434898.35,0,4,2024-01-31,CRM-2023-Q4-v2,2026-09-18 19:12:04
A00000274,C0000142,CC,1236.27,5000,124,10,24.7254,RET,NE,730,714,1,14,0,45.92,283,12,0,0,0,0,,0.3051,,,,0.020155395,0.75,3118.135,47.135431862,3,2024-01-31,CRM-2023-Q4-v2,2026-09-18 19:12:04
A00000275,C0000142,CC,598.36,1500,113,1,39.890666667,RET,NE,730,714,1,14,0,45.92,283,11,1,0,0,31,31,0.1246,,,,0.022214502,0.75,1049.18,17.480258405,3,2024-01-31,CRM-2023-Q4-v2,2026-09-18 19:12:04
A00000276,C0000143,HELC,65614.44,150000,81,3,43.74296,RET,W,802,778,3,9,0,28.41,135,7,5,0,0,91,5,0.5854,96097.76,2023-05-14,0.6827884438,0.0183896758,0.146230755,107807.22,289.90829591,3,2024-01-31,CRM-2023-Q4-v2,2026-09-18 19:12:04
A00000277,C0000143,AUTO,32888.45,0,7,2,,RET,W,802,778,3,9,0,28.41,135,12,0,0,0,0,,0.1924,44972.78,2023-12-28,0.7312967978,0.0196989574,0.1850374382,32888.45,119.87986753,3,2024-01-31,CRM-2023-Q4-v2,2026-09-18 19:12:04
A00000279,C0000144,CC,3058.49,10000,24,13,30.5849,RET,NE,603,592,8,24,0,87.75,219,12,0,0,0,0,,0.8703,,,,0.0407703661,0.75,6529.245,199.64978198,4,2024-01-31,CRM-2023-Q4-v2,2026-09-18 19:12:04
A00000280,C0000145,CC,5435.69,25000,129,12,21.74276,RET,W,702,706,0,9,2,72.74,390,12,0,0,0,0,,0.6266,,,,0.0242201988,0.75,15217.845,276.43442374,3,2024-01-31,CRM-2023-Q4-v2,2026-09-18 19:12:04
A00000284,C0000147,PERS,43582.97,0,45,70,,SMB,SW,702,708,1,17,0,64.07,56,12,0,0,0,0,,0.3093,,,,0.0278115301,0.5,43582.97,606.05453996,3,2024-01-31,CRM-2023-Q4-v2,2026-09-18 19:12:04
A00000288,C0000148,AUTO,46236.39,0,89,7,,RET,SE,558,546,3,2,0,58.36,402,12,0,0,0,0,,0.3375,46529.74,2022-04-03,0.9936954301,0.0507829413,0.3949563441,46236.39,927.36534645,4,2024-01-31,CRM-2023-Q4-v2,2026-09-18 19:12:04
A00000290,C0000148,CC,1342.61,3000,109,7,44.753666667,RET,SE,558,546,3,2,0,58.36,402,12,0,0,0,0,,0.9767,,,,0.0476079501,0.75,2171.305,77.528535138,4,2024-01-31,CRM-2023-Q4-v2,2026-09-18 19:12:04
A00000293,C0000150,PERS,41297.28,0,170,1,,RET,SW,671,690,1,15,0,87.55,63,12,0,0,0,0,,0.5573,,,,0.033418887,0.5,41297.28,690.05456713,4,2024-01-31,CRM-2023-Q4-v2,2026-09-18 19:12:04
A00000294,C0000151,CC,2833.64,5000,13,188,56.6728,RET,SE,730,735,1,6,2,61.14,205,12,0,0,0,0,,0.8061,,,,0.0253746623,0.75,3916.82,74.540988536,3,2024-01-31,CRM-2023-Q4-v2,2026-09-18 19:12:04
A00000297,C0000154,LOC,2249.32,10000,185,110,22.4932,RET,SW,552,555,3,17,0,40.08,249,10,2,1,0,45,18,0.743,,,,0.0432993052,0.5,6124.66,132.59676132,4,2024-01-31,CRM-2023-Q4-v2,2026-09-18 19:12:04
A00000300,C0000155,CC,9832.93,10000,111,13,98.3293,COMM,MW,782,785,1,14,0,55.03,11,12,0,0,0,0,,0.1151,,,,0.0246181995,0.75,9916.465,183.09413494,3,2024-01-31,CRM-2023-Q4-v2,2026-09-18 19:12:04
A00000301,C0000156,CC,1133.34,3000,137,6,37.778,PREM,W,585,565,0,3,0,28.25,326,12,0,0,0,0,,0.21,,,,0.0468691733,0.75,2066.67,72.647335747,4,2024-01-31,CRM-2023-Q4-v2,2026-09-18 19:12:04
A00000304,C0000157,CC,4874.86,5000,110,58,97.4972,RET,MW,767,788,2,8,0,14.15,271,9,3,0,0,91,32,0.5181,,,,0.0246181995,0.75,4937.43,91.162977401,3,2024-01-31,CRM-2023-Q4-v2,2026-09-18 19:12:04
A00000305,C0000157,PERS,9162.26,0,16,7,,RET,MW,767,788,2,8,0,14.15,271,12,0,0,0,0,,0.6823,,,,0.0203136778,0.5,9162.26,93.059598655,3,2024-01-31,CRM-2023-Q4-v2,2026-09-18 19:12:04
A00000306,C0000158,MTG,817778.09,0,177,22,,RET,SW,727,729,0,10,0,88.69,76,10,2,1,0,31,7,0.3385,1056216.76,2021-11-30,0.7742521431,0.0216233705,0.2194017145,817778.09,3879.706545,3,2024-01-31,CRM-2023-Q4-v2,2026-09-18 19:12:04
A00000309,C0000159,LOC,10200.56,50000,43,9,20.40112,RET,NW,789,801,0,24,0,71.73,154,12,0,0,0,0,,0.5967,,,,0.017869427,0.5,30100.28,268.93737864,3,2024-01-31,CRM-2023-Q4-v2,2026-09-18 19:12:04
A00000310,C0000159,MTG,651563.23,0,203,10,,RET,NW,789,801,0,24,0,71.73,154,12,0,0,0,0,,0.6007,657219.18,2023-11-19,0.9913941191,0.0199462942,0.3931152953,651563.23,5109.0332572,3,2024-01-31,CRM-2023-Q4-v2,2026-09-18 19:12:04
A00000312,C0000160,HELC,37050.3,250000,179,301,14.82012,RET,SW,606,587,3,17,1,94.22,37,12,0,0,0,0,,0.1413,47560.09,2021-02-28,0.7790208135,0.035186036,0.2232166508,143525.15,1127.2621881,4,2024-01-31,CRM-2023-Q4-v2,2026-09-18 19:12:04
A00000314,C0000161,AUTO,40782.09,0,60,42,,PB,W,598,592,1,11,0,27.56,77,11,1,0,0,45,25,0.389,61304.31,2022-02-20,0.6652401764,0.0471044868,0.1321921411,40782.09,253.94367035,4,2024-01-31,CRM-2023-Q4-v2,2026-09-18 19:12:04
A00000315,C0000161,MTG,174576.14,0,203,6,,PB,W,598,592,1,11,0,27.56,77,12,0,0,0,0,,0.7785,389772.93,2022-06-10,0.4478919047,0.0436214836,0,174576.14,0,4,2024-01-31,CRM-2023-Q4-v2,2026-09-18 19:12:04
A00000322,C0000167,LOC,14366.16,50000,199,12,28.73232,RET,SE,812,811,1,8,0,78.28,400,12,0,0,0,0,,0.3407,,,,0.0172011877,0.5,32183.08,276.79359949,3,2024-01-31,CRM-2023-Q4-v2,2026-09-18 19:12:04
A00000323,C0000167,AUTO,12381.19,0,13,8,,RET,SE,812,811,1,8,0,78.28,400,11,1,0,0,62,16,0.1916,14653.75,2021-10-29,0.8449161477,0.021285081,0.2759329182,12381.19,72.717880006,3,2024-01-31,CRM-2023-Q4-v2,2026-09-18 19:12:04
A00000324,C0000168,CC,1324.92,3000,155,1,44.164,RET,SE,554,575,5,10,0,45.32,150,12,0,0,0,0,,0.9537,,,,0.0468691733,0.75,2162.46,76.014534328,4,2024-01-31,CRM-2023-Q4-v2,2026-09-18 19:12:04
A00000325,C0000168,MTG,695771.64,0,2,32,,RET,SE,554,575,5,10,0,45.32,150,11,1,1,0,185,24,0.6282,986160.28,2020-02-15,0.7055360615,0.0493962875,0.1644288492,695771.64,5651.1788186,4,2024-01-31,CRM-2023-Q4-v2,2026-09-18 19:12:04
A00000326,C0000169,HELC,253046.66,250000,198,349,101.218664,PB,MW,607,628,1,17,0,13.44,320,12,0,0,0,0,,0.9975,349117.94,2022-10-05,0.7248171205,0.049190276,0.1798536964,251523.33,2225.2402249,4,2024-01-31,CRM-2023-Q4-v2,2026-09-18 19:12:04
A00000329,C0000170,CC,3078.9,3000,165,66,102.63,RET,W,675,672,0,14,1,76.62,90,12,0,0,0,0,,0.4461,,,,0.0423654119,0.75,3039.45,96.575663484,4,2024-01-31,CRM-2023-Q4-v2,2026-09-18 19:12:04
A00000330,C0000170,CC,1051.31,1500,135,118,70.087333333,RET,W,675,672,0,14,1,76.62,90,12,0,0,0,0,,0.3145,,,,0.0388500152,0.75,1275.655,37.169412116,4,2024-01-31,CRM-2023-Q4-v2,2026-09-18 19:12:04
A00000332,C0000171,PERS,37613.97,0,106,24,,PREM,NE,801,789,1,12,0,30.27,47,11,1,0,0,185,23,0.3886,,,,0.0193437428,0.5,37613.97,363.79748071,3,2024-01-31,CRM-2023-Q4-v2,2026-09-18 19:12:04
A00000333,C0000172,CC,5913.13,7500,162,14,78.841733333,SMB,MW,795,816,2,6,1,28.32,356,12,0,0,0,0,,0.3191,,,,0.0221819221,0.75,6706.565,111.5733769,3,2024-01-31,CRM-2023-Q4-v2,2026-09-18 19:12:04
A00000335,C0000173,MTG,709489.91,0,195,14,,PREM,SW,780,780,1,2,0,2.12,395,12,0,0,0,0,,0.774,824680.18,2021-05-29,0.8603212824,0.0199462942,0.2882570259,709489.91,4079.3253624,3,2024-01-31,CRM-2023-Q4-v2,2026-09-18 19:12:04
A00000337,C0000174,MTG,286921.78,0,151,14,,RET,SW,549,542,0,18,0,39.11,294,12,0,0,0,0,,0.1364,241085.23,2020-09-23,1.1901259152,0.0535009782,0.5521007322,286921.78,8475.0752285,4,2024-01-31,CRM-2023-Q4-v2,2026-09-18 19:12:04
A00000339,C0000174,CC,5700.36,15000,22,8,38.0024,RET,SW,549,542,0,18,0,39.11,294,9,3,1,1,128,11,0.6582,,,,0.0677665219,0.75,10350.18,526.04677502,4,2024-01-31,CRM-2023-Q4-v2,2026-09-18 19:12:04
A00000341,C0000176,MTG,429685.68,0,68,10,,RET,SW,576,575,2,8,0,8.78,210,12,0,0,0,0,,0.5559,448356.61,2023-02-27,0.958356965,0.0507829413,0.366685572,429685.68,8001.336831,4,2024-01-31,CRM-2023-Q4-v2,2026-09-18 19:12:04
A00000344,C0000178,MTG,557733.42,0,26,78,,RET,SE,684,682,0,6,0,18.47,108,10,2,0,0,62,33,0.5974,587471.86,2023-06-11,0.9493789541,0.0291308203,0.3595031633,557733.42,5840.9313175,3,2024-01-31,CRM-2023-Q4-v2,2026-09-18 19:12:04
A00000346,C0000179,MTG,407249.67,0,85,100,,PREM,NE,787,794,2,23,0,77.8,270,11,1,0,0,185,33,0.349,601683.97,2021-02-19,0.6768497921,0.018757812,0.1414798337,407249.67,1080.7804031,3,2024-01-31,CRM-2023-Q4-v2,2026-09-18 19:12:04
A00000348,C0000180,CC,686.97,1500,74,11,45.798,CORP,NW,666,654,1,3,0,82.74,213,12,0,0,0,0,,0.2436,,,,0.0332969681,0.75,1093.485,27.307301399,4,2024-01-31,CRM-2023-Q4-v2,2026-09-18 19:12:04
A00000349,C0000181,HELC,38103.41,250000,61,5,15.241364,PREM,NW,633,638,5,21,0,8.4,270,12,0,0,0,0,,0.0932,59858.74,2020-04-12,0.6365554972,0.0357475639,0.1092443977,144051.705,562.55375584,4,2024-01-31,CRM-2023-Q4-v2,2026-09-18 19:12:04
A00000350,C0000182,AUTO,46092.89,0,20,12,,SMB,NW,620,611,1,24,0,93.94,346,12,0,0,0,0,,0.8133,104053.22,2022-09-07,0.4429741819,0.0389461695,0,46092.89,0,4,2024-01-31,CRM-2023-Q4-v2,2026-09-18 19:12:04
A00000351,C0000182,MTG,589461.08,0,34,14,,SMB,NW,620,611,1,24,0,93.94,346,12,0,0,0,0,,0.1333,504272.12,2022-10-14,1.1689345031,0.0465813881,0.5351476024,589461.08,14694.037559,4,2024-01-31,CRM-2023-Q4-v2,2026-09-18 19:12:04
A00000355,C0000185,CC,722.95,3000,134,5,24.098333333,PB,MW,794,775,1,1,0,37.36,301,12,0,0,0,0,,0.286,,,,0.0172011877,0.75,1861.475,24.014685618,3,2024-01-31,CRM-2023-Q4-v2,2026-09-18 19:12:04
A00000358,C0000187,CC,15770.04,25000,78,13,63.08016,RET,NE,722,697,1,20,0,69.66,15,7,5,2,2,31,2,0.7285,,,,0.0452428659,0.75,20385.02,691.70754484,4,2024-01-31,CRM-2023-Q4-v2,2026-09-18 19:12:04
A00000359,C0000187,CC,2833.48,7500,126,119,37.779733333,RET,NE,722,697,1,20,0,69.66,15,12,0,0,0,0,,0.3819,,,,0.021860734,0.75,5166.74,84.711546522,3,2024-01-31,CRM-2023-Q4-v2,2026-09-18 19:12:04
A00000360,C0000187,CC,6191.29,25000,144,68,24.76516,RET,NE,722,697,1,20,0,69.66,15,11,1,1,0,31,33,0.4692,,,,0.020155395,0.75,15595.645,235.75228854,3,2024-01-31,CRM-2023-Q4-v2,2026-09-18 19:12:04
A00000361,C0000187,PERS,35261.24,0,51,5,,RET,NE,722,697,1,20,0,69.66,15,12,0,0,0,0,,0.4169,,,,0.0231583083,0.5,35261.24,408.29533261,3,2024-01-31,CRM-2023-Q4-v2,2026-09-18 19:12:04
A00000362,C0000188,MTG,126499.81,0,41,1,,SMB,NE,665,651,0,19,0,18.55,209,12,0,0,0,0,,0.1051,174300.37,2023-04-18,0.7257575529,0.0336599528,0.1806060423,126499.81,769.01648983,4,2024-01-31,CRM-2023-Q4-v2,2026-09-18 19:12:04
A00000368,C0000191,CC,9971.89,10000,203,7,99.7189,SMB,SE,745,746,1,11,1,33.91,285,12,0,0,0,0,,0.7849,,,,0.0283531577,0.75,9985.945,212.34980519,3,2024-01-31,CRM-2023-Q4-v2,2026-09-18 19:12:04
A00000369,C0000192,CC,988.27,5000,3,9,19.7654,SMB,W,603,591,0,9,0,43.83,232,12,0,0,0,0,,0.6371,,,,0.0386571261,0.75,2994.135,86.808490758,4,2024-01-31,CRM-2023-Q4-v2,2026-09-18 19:12:04
A00000375,C0000193,MTG,693543.89,0,165,12,,SMB,SW,675,685,8,22,0,65.78,288,12,0,0,0,0,,0.6035,1063533.7,2020-05-19,0.6521127539,0.0324207087,0.1216902031,693543.89,2736.2266617,4,2024-01-31,CRM-2023-Q4-v2,2026-09-18 19:12:04
A00000376,C0000194,CC,1408.73,3000,3,1,46.957666667,RET,SW,750,751,0,16,2,24.46,200,11,1,1,0,62,26,0.5583,,,,0.023324959,0.75,2204.365,38.562542387,3,2024-01-31,CRM-2023-Q4-v2,2026-09-18 19:12:04
A00000378,C0000195,MTG,460583.36,0,148,9,,RET,SW,531,541,0,11,2,80.88,302,12,0,0,0,0,,0.8313,668817.19,2020-06-17,0.6886535916,0.0463731422,0.1509228733,460583.36,3223.5160206,4,2024-01-31,CRM-2023-Q4-v2,2026-09-18 19:12:04
A00000381,C0000196,CC,494.64,1500,118,12,32.976,PB,NW,629,630,0,16,0,33.83,184,10,2,0,0,128,10,0.3481,,,,0.0399041421,0.75,997.32,29.847899276,4,2024-01-31,CRM-2023-Q4-v2,2026-09-18 19:12:04
A00000383,C0000198,LOC,1371.05,10000,11,8,13.7105,RET,SW,805,797,2,16,0,32.85,117,12,0,0,0,0,,0.2095,,,,0.0183591756,0.5,5685.525,52.190775924,3,2024-01-31,CRM-2023-Q4-v2,2026-09-18 19:12:04
A00000386,C0000199,AUTO,31629.68,0,117,8,,RET,SE,566,570,0,10,0,76.49,288,11,1,0,0,185,20,0.1071,48585.65,2020-07-24,0.6510086826,0.0471044868,0.1208069461,31629.68,179.99025015,4,2024-01-31,CRM-2023-Q4-v2,2026-09-18 19:12:04
A00000387,C0000200,MTG,374621.3,0,125,43,,CORP,NW,555,580,5,23,0,69.72,21,12,0,0,0,0,,0.1744,372975.13,2023-05-29,1.0044136187,0.0535009782,0.4035308949,374621.3,8087.8107327,4,2024-01-31,CRM-2023-Q4-v2,2026-09-18 19:12:04
A00000388,C0000200,PERS,32703.81,0,86,64,,CORP,NW,555,580,5,23,0,69.72,21,12,0,0,0,0,,0.8873,,,,0.0485320776,0.5,32703.81,793.59192265,4,2024-01-31,CRM-2023-Q4-v2,2026-09-18 19:12:04
A00000391,C0000202,CC,2039.87,5000,186,394,40.7974,RET,NW,524,520,0,21,0,14.84,272,9,3,1,1,185,20,0.6091,,,,0.0636944162,0.75,3519.935,168.15015377,4,2024-01-31,CRM-2023-Q4-v2,2026-09-18 19:12:04
A00000392,C0000203,MTG,488867,0,64,6,,RET,NW,517,501,0,8,0,26.01,43,12,0,0,0,0,,0.7993,697920.95,2020-03-20,0.7004618503,0.0471044868,0.1603694802,488867,3692.9609921,4,2024-01-31,CRM-2023-Q4-v2,2026-09-18 19:12:04
A00000393,C0000203,CC,1377.69,7500,199,278,18.3692,RET,NW,517,501,0,8,0,26.01,43,12,0,0,0,0,,0.5056,,,,0.0432993052,0.75,4438.845,144.14917833,4,2024-01-31,CRM-2023-Q4-v2,2026-09-18 19:12:04
A00000395,C0000204,MTG,531992.02,0,167,80,,COMM,W,565,581,1,8,0,68.52,31,12,0,0,0,0,,0.6634,488047.46,2021-10-22,1.090041571,0.0535009782,0.4720332568,531992.02,13435.054664,4,2024-01-31,CRM-2023-Q4-v2,2026-09-18 19:12:04
A00000397,C0000205,CC,17186.53,25000,198,23,68.74612,PB,NE,568,583,1,5,2,75.83,283,12,0,0,0,0,,0.8878,,,,0.0508800638,0.75,21093.265,804.9200012,4,2024-01-31,CRM-2023-Q4-v2,2026-09-18 19:12:04
A00000400,C0000206,MTG,91647.13,0,168,6,,PREM,MW,820,816,1,18,0,48.16,191,12,0,0,0,0,,0.0649,304901.51,2022-06-03,0.300579456,0.0173326952,0,91647.13,0,3,2024-01-31,CRM-2023-Q4-v2,2026-09-18 19:12:04
A00000402,C0000207,CC,1330.77,5000,170,1,26.6154,RET,SE,576,595,0,23,0,18.56,340,10,2,0,0,185,25,0.893,,,,0.0432993052,0.75,3165.385,102.79422842,4,2024-01-31,CRM-2023-Q4-v2,2026-09-18 19:12:04
A00000404,C0000208,CC,8167.93,15000,187,92,54.452866667,RET,MW,683,706,1,19,0,24.1,178,12,0,0,0,0,,0.8962,,,,0.0285603432,0.75,11583.965,248.13151183,3,2024-01-31,CRM-2023-Q4-v2,2026-09-18 19:12:04
A00000405,C0000208,CC,2154.98,15000,184,13,14.366533333,RET,MW,683,706,1,19,0,24.1,178,12,0,0,0,0,,0.4764,,,,0.0242201988,0.75,8577.49,155.81138494,3,2024-01-31,CRM-2023-Q4-v2,2026-09-18 19:12:04
A00000406,C0000209,AUTO,52369.63,0,103,13,,SMB,MW,544,566,1,6,0,55.25,26,12,0,0,0,0,,0.7053,52734.07,2020-11-30,0.9930890978,0.0507829413,0.3944712782,52369.63,1049.0899913,4,2024-01-31,CRM-2023-Q4-v2,2026-09-18 19:12:04
A00000407,C0000209,CC,4392.62,10000,87,117,43.9262,SMB,MW,544,566,1,6,0,55.25,26,12,0,0,0,0,,0.2302,,,,0.0476079501,0.75,7196.31,256.95117577,4,2024-01-31,CRM-2023-Q4-v2,2026-09-18 19:12:04
A00000409,C0000210,CC,8725.52,15000,107,7,58.170133333,SMB,SE,585,560,0,9,0,71.31,165,12,0,0,0,0,,0.4581,,,,0.0516786346,0.75,11862.76,459.78842911,4,2024-01-31,CRM-2023-Q4-v2,2026-09-18 19:12:04
A00000410,C0000210,PERS,28613.38,0,30,80,,SMB,SE,585,560,0,9,0,71.31,165,11,1,1,0,128,36,0.8235,,,,0.0495759225,0.5,28613.38,709.26735464,4,2024-01-31,CRM-2023-Q4-v2,2026-09-18 19:12:04
A00000415,C0000214,CC,8202.87,25000,109,6,32.81148,PREM,NE,736,742,1,3,0,37.8,329,12,0,0,0,0,,0.1258,,,,0.022214502,0.75,16601.435,276.59445824,3,2024-01-31,CRM-2023-Q4-v2,2026-09-18 19:12:04
A00000420,C0000216,CC,18148.24,25000,124,4,72.59296,PREM,MW,794,799,0,11,2,9.39,235,12,0,0,0,0,,0.3985,,,,0.0221819221,0.75,21574.12,358.91658726,3,2024-01-31,CRM-2023-Q4-v2,2026-09-18 19:12:04
A00000423,C0000218,CC,2886.08,10000,175,8,28.8608,PREM,SW,631,635,3,1,0,3.2,129,10,2,0,0,185,27,0.4114,,,,0.0362661629,0.75,6443.04,175.24825347,4,2024-01-31,CRM-2023-Q4-v2,2026-09-18 19:12:04
A00000426,C0000219,CC,7454.97,10000,190,27,74.5497,RET,MW,784,801,2,18,0,12.79,299,11,1,1,0,91,33,0.4389,,,,0.0221819221,0.75,8727.485,145.19429444,3,2024-01-31,CRM-2023-Q4-v2,2026-09-18 19:12:04
A00000429,C0000220,LOC,9147.76,50000,193,182,18.29552,PREM,NW,625,647,0,6,1,7.37,348,11,1,1,0,31,6,0.6666,,,,0.0362661629,0.5,29573.88,536.26557424,4,2024-01-31,CRM-2023-Q4-v2,2026-09-18 19:12:04
A00000431,C0000222,PERS,13839.28,0,68,13,,RET,SW,753,736,1,1,2,85.07,163,7,5,4,1,31,5,0.6331,,,,0.0310744452,0.5,13839.28,215.02397366,4,2024-01-31,CRM-2023-Q4-v2,2026-09-18 19:12:04
A00000435,C0000223,PERS,31665.7,0,30,93,,PREM,W,601,580,0,23,0,3.55,62,12,0,0,0,0,,0.2674,,,,0.0415675608,0.5,31665.7,658.13295465,4,2024-01-31,CRM-2023-Q4-v2,2026-09-18 19:12:04
A00000437,C0000224,CC,119.42,1500,21,0,7.9613333333,PB,NW,574,575,0,7,0,5.14,364,9,3,2,1,185,9,0.8727,,,,0.0578338715,0.75,809.71,35.121498072,4,2024-01-31,CRM-2023-Q4-v2,2026-09-18 19:12:04
A00000438,C0000225,MTG,352913.13,0,123,17,,RET,W,687,707,0,5,0,51.15,417,12,0,0,0,0,,0.6762,1118414.89,2022-12-08,0.3155475961,0.024404036,0,352913.13,0,3,2024-01-31,CRM-2023-Q4-v2,2026-09-18 19:12:04
A00000439,C0000226,AUTO,35772.34,0,7,4,,RET,W,529,551,2,20,1,93.82,128,11,1,0,0,45,19,0.1612,54107.08,2021-07-01,0.6611397252,0.0493962875,0.1289117801,35772.34,227.78979572,4,2024-01-31,CRM-2023-Q4-v2,2026-09-18 19:12:04
A00000441,C0000226,AUTO,44413.21,0,174,13,,RET,W,529,551,2,20,1,93.82,128,12,0,0,0,0,,0.4868,63682.78,2021-02-17,0.6974131783,0.0463731422,0.1579305426,44413.21,325.27060344,4,2024-01-31,CRM-2023-Q4-v2,2026-09-18 19:12:04
A00000442,C0000226,PERS,14563.5,0,148,7,,RET,W,529,551,2,20,1,93.82,128,12,0,0,0,0,,0.8303,,,,0.0477796796,0.5,14563.5,347.91968221,4,2024-01-31,CRM-2023-Q4-v2,2026-09-18 19:12:04
A00000443,C0000227,AUTO,50811.6,0,115,2,,PREM,NW,589,606,1,11,0,76.53,81,12,0,0,0,0,,0.0925,79328.96,2021-12-31,0.6405176622,0.0471044868,0.1124141297,50811.6,269.05808686,4,2024-01-31,CRM-2023-Q4-v2,2026-09-18 19:12:04
A00000445,C0000227,MTG,284649.93,0,141,459,,PREM,NW,589,606,1,11,0,76.53,81,12,0,0,0,0,,0.9415,343799.82,2021-10-04,0.8279525277,0.0499974816,0.2623620222,284649.93,3733.8784827,4,2024-01-31,CRM-2023-Q4-v2,2026-09-18 19:12:04
A00000448,C0000228,MTG,372150.74,0,65,1,,SMB,SW,574,596,8,9,0,82.84,339,12,0,0,0,0,,0.0865,938607.17,2020-05-08,0.396492539,0.0443114486,0,372150.74,0,4,2024-01-31,CRM-2023-Q4-v2,2026-09-18 19:12:04
A00000450,C0000229,MTG,838951.5,0,13,40,,RET,MW,746,738,5,23,0,77.59,243,7,5,0,0,185,31,0.4609,2403406.56,2021-12-21,0.3490676584,0.021671616,0,838951.5,0,3,2024-01-31,CRM-2023-Q4-v2,2026-09-18 19:12:04
A00000452,C0000230,PERS,9809.69,0,81,3,,RET,NE,549,539,1,24,0,6.01,16,12,0,0,0,0,,0.6347,,,,0.0485320776,0.5,9809.69,238.04231824,4,2024-01-31,CRM-2023-Q4-v2,2026-09-18 19:12:04
A00000453,C0000231,CC,9247.51,15000,189,105,61.650066667,RET,SW,625,608,0,4,0,60.06,109,12,0,0,0,0,,0.9995,,,,0.0426704927,0.75,12123.755,387.99494981,4,2024-01-31,CRM-2023-Q4-v2,2026-09-18 19:12:04
A00000456,C0000232,PERS,6277.06,0,10,31,,RET,MW,603,600,5,2,0,35.81,399,12,0,0,0,0,,0.4386,,,,0.0426785817,0.5,6277.06,133.94800909,4,2024-01-31,CRM-2023-Q4-v2,2026-09-18 19:12:04
A00000461,C0000236,LOC,4422.32,10000,19,29,44.2232,RET,NE,611,597,3,14,0,58.42,205,12,0,0,0,0,,0.6704,,,,0.0418610102,0.5,7211.16,150.93322133,4,2024-01-31,CRM-2023-Q4-v2,2026-09-18 19:12:04
A00000463,C0000237,LOC,104337.23,100000,96,7,104.33723,CORP,NE,545,564,0,1,2,39.42,375,12,0,0,0,0,,0.072,,,,0.0612680773,0.5,102168.615,3129.8373026,4,2024-01-31,CRM-2023-Q4-v2,2026-09-18 19:12:04
A00000464,C0000237,LOC,20857.43,50000,110,7,41.71486,CORP,NE,545,564,0,1,2,39.42,375,7,5,1,0,62,20,0.0878,,,,0.0476079501,0.5,35428.715,843.34424867,4,2024-01-31,CRM-2023-Q4-v2,2026-09-18 19:12:04
A00000467,C0000239,CC,7136.77,15000,46,12,47.578466667,RET,MW,712,736,3,21,0,75.43,296,12,0,0,0,0,,0.5349,,,,0.027270646,0.75,11068.385,226.38150721,3,2024-01-31,CRM-2023-Q4-v2,2026-09-18 19:12:04
A00000469,C0000241,CC,845.83,3000,119,8,28.194333333,CORP,SE,652,648,2,20,0,56.47,104,12,0,0,0,0,,0.779,,,,0.030727523,0.75,1922.915,44.314811114,4,2024-01-31,CRM-2023-Q4-v2,2026-09-18 19:12:04
A00000470,C0000242,CC,809.23,5000,18,8,16.1846,PREM,SE,572,550,0,23,0,73.76,228,10,2,1,1,91,28,0.6974,,,,0.0627096948,0.75,2904.615,136.61064021,4,2024-01-31,CRM-2023-Q4-v2,2026-09-18 19:12:04
A00000474,C0000244,CC,1215.09,3000,191,11,40.503,SMB,NE,642,647,1,22,0,37.96,74,12,0,0,0,0,,0.4131,,,,0.0327726262,0.75,2107.545,51.80233842,4,2024-01-31,CRM-2023-Q4-v2,2026-09-18 19:12:04
A00000475,C0000245,CC,378.52,1500,196,753,25.234666667,PREM,NE,710,717,1,1,0,11.74,183,11,1,0,0,45,7,0.5977,,,,0.0242201988,0.75,939.26,17.061797964,3,2024-01-31,CRM-2023-Q4-v2,2026-09-18 19:12:04
A00000476,C0000245,MTG,90100.9,0,141,2,,PREM,NE,710,717,1,1,0,11.74,183,12,0,0,0,0,,0.3253,164475.01,2021-12-31,0.5478090562,0.024404036,0.038247245,90100.9,84.099021737,3,2024-01-31,CRM-2023-Q4-v2,2026-09-18 19:12:04
A00000478,C0000245,CC,5913.77,15000,185,4,39.425133333,PREM,NE,710,717,1,1,0,11.74,183,12,0,0,0,0,,0.8378,,,,0.0262602419,0.75,10456.885,205.95024693,3,2024-01-31,CRM-2023-Q4-v2,2026-09-18 19:12:04
A00000480,C0000246,MTG,288152.94,0,183,795,,RET,W,669,645,0,17,0,7.86,364,12,0,0,0,0,,0.3697,672242.64,2021-04-09,0.4286442467,0.030470497,0,288152.94,0,4,2024-01-31,CRM-2023-Q4-v2,2026-09-18 19:12:04
A00000482,C0000247,HELC,19629.49,250000,152,4,7.851796,RET,SW,633,652,3,17,0,84.66,412,12,0,0,0,0,,0.5045,25476.99,2021-09-12,0.7704791657,0.0323763187,0.2163833326,134814.745,944.47108562,4,2024-01-31,CRM-2023-Q4-v2,2026-09-18 19:12:04
A00000483,C0000248,MTG,200525.74,0,14,92,,PB,SW,741,729,0,2,0,50.4,196,12,0,0,0,0,,0.5066,519314.75,2023-03-08,0.3861352677,0.021671616,0,200525.74,0,3,2024-01-31,CRM-2023-Q4-v2,2026-09-18 19:12:04
